brand_name,n_categories
UNKNOWN_BRAND,220
Choice L,71
Good Today,22
Ottogi,22
LOTTE,16
CP,15
Choice-L,15
365 Fresh,15
Cholimex,14
Ponie,13
TH,13
Wipro,13
Unilever,13
G Kitchen,12
Vinamilk,12
Cocoon,12
LC Foods,11
No,11
P&G,11
Vissan,10
Nivea,10
Ông Chà Và,10
Inochi,10
Chinsu,10
Basic Icon,10
SG Food,9
Yorihada,9
MEIZAN,8
Bioré,8
X-Men,8
Xmen,8
Sunhouse,8
Senka,8
Cầu Tre,7
Oishi,7
AJINOMOTO,7
Orion,7
Sagri,7
Coca-Cola,7
Milaganics,7
Bibigo,7
Tự Lập,7
Meiji,7
LEE KUM KEE,7
Bích Chi,6
TH True Milk,6
BioHome,6
Ohi@Ma,6
O'food,6
Zebra,6
Âu Lạc,6
Dh Foods,6
VIFON,6
Le Gourment,5
KiaOra,5
Emborg,5
Hatomugi,5
Thiên Long,5
Tithafac,5
Super Chef,5
Compliment,5
Anchor,5
An Lạc,5
Meaty ChopShop,5
Niwatori,5
CHIN-SU,5
Cozy,5
Pulmuone,5
Acnes,5
Đức Việt,5
Dove,5
Love In Farm,4
Enchanteur,4
Uno,4
Lifebuoy,4
Thoại An,4
Knorr,4
KAI,4
Hawonkoo,4
Lock&Lock,4
Golden Farm,4
WILMAR,4
Happy Cook,4
Haidilao,4
Phúc Thịnh Vượng,4
P/S,4
Oral Clean,4
OKINI,4
Clever Hippo,4
On Line,4
Dalat Hasfarm,4
Hoàng Gia,4
LOTHAMILK,4
Trí Việt Phát Foods,4
Lix,4
Maggi,4
MR.VIET,4
Lof,4
Comet,4
Purité,4
Ocean,4
Elastine,4
Spriing,4
Neutrogena,4
Romano,4
Wyn,4
Ba Huân,4
Nutifood,4
Sempio,4
Nam Dương,4
Simple,4
Miwon,4
Tam Nông,4
Freshfoco,4
Genkai,4
Hada Labo,4
Hazeline,3
Kitkool,3
An Nhiên,3
Jojo,3
Yến Việt,3
Inomata,3
KIRIN,3
Ichiban,3
Feddy,3
Blue,3
Bamboo Salt,3
Barona,3
Việt Sin,3
Hadalabo,3
Green Farm,3
Gia Vị Trân Châu,3
Vedette,3
Barilla,3
Tâm Hữu Dũng,3
Kun,3
LOTTE confectionery,3
Koja,3
LASHE,3
Kuehne,3
Bless You,3
Bauer,3
Beauty Formulas,3
Archcafé,3
Vipep,3
Meat Master,3
Elmich,3
Lipzo,3
Garnier,3
Luminarc,3
Leboucher,3
Lactacyd,3
M-Pros,3
Lavox,3
Kokusai,3
Uncle Bills,3
ONOFF,3
Ngọc Hạnh,3
Neptune,3
Dutch Lady,3
Nestlé,3
NFC,3
Thuận Phát,3
Nam Xanh,3
Tsubaki,3
Susu,3
Micron Ware,3
Tinh Nguyên,3
Mikiri,3
Superware,3
Miliket,3
Nabati,3
Mise En Scène,3
Dongwon,3
Nin,3
Simply,3
Selsun,3
Pierrot,3
Pororo,3
Ngọc Hạnh Bedding,3
Dalat Milk,3
Oriss,3
Omachi,3
Cleo,3
Olympias,3
Delly Cook,3
Oxy,3
Nongshim,3
Safoco,3
Phú Nông,3
Oreo,3
Phương Linh,3
Clear Men,3
Panzani,3
Hồn Việt,3
Halico,3
Hofaco,3
Xuân Nguyên,3
Paysan Breton,3
Ánh Hồng,3
Đại Gia,3
Around Me,3
Ayam,3
WONDERFARM,3
Wai Wai,3
Weibo,3
Akiko,3
Yến Nhung,3
3 Miền,3
3K,2
Zott,2
2080,2
Ôliv,2
Yoko,2
Xuân An,2
Yeo's,2
Vĩnh Thuận,2
Your Superfood,2
BARBERSHOP,2
Abbott,2
BOSS,2
Alpenliebe,2
Aba,2
Vị Hương,2
Vị Nguyên,2
Hằng Nga,2
Highlands Coffee,2
Himalaya,2
Hoff,2
Homelux,2
Hoàng Mỹ Gia,2
Hoàng Thu,2
Huca Food,2
Huggies,2
Đảo Hải Sản,2
Vinasoy,2
Vinatea,2
Tâm Lợi,2
Best Choice,2
BeBedang,2
Apart,2
Aquafina,2
Aquafresh,2
Vedan,2
Vietcoco,2
Viethoney,2
Vaseline,2
VitaDairy,2
Việt Hưng,2
Vietnipa,2
Tân Tân,2
Gungon,2
Gidico,2
Gift,2
HKH,2
HONEE COFFEE,2
Glasslock,2
Gatsby,2
Wake-Up,2
Korice,2
Kềm Nghĩa,2
L'Oreal,2
Karo,2
Kao,2
Granovibes,2
HONIMORE,2
Gullon,2
Playmore,2
Richy,2
Pioneer,2
Promess,2
Puffme,2
Ponnie,2
OMO,2
Ohima,2
Chupa Chups,2
Cindy,2
Comfort,2
Coast,2
Caryn,2
Catleza,2
Revive,2
Rexsun,2
Con Chồn Vàng,2
Rosette,2
Sa Giang,2
Safeguard,2
S.O.N,2
SAMYANG,2
Reeva,2
Quảng Phú,2
OBE,2
Nong Shim,2
NuVi,2
Dielac,2
Cosy,2
Devi Dabaco,2
Cucina,2
Cung Đình,2
Seaspimex,2
Chen,2
Cetaphil,2
C'est Bon,2
Senli,2
Sensodyne,2
Santa Loreto,2
Silkwell,2
Nguyên Phát,2
Nguyên Xuân,2
Sunkids,2
Sông Xanh,2
Sure,2
Splat,2
St.Ives,2
Stahaus,2
Dorkbua Lotus,2
Doxaco,2
Dr.G,2
Darlie,2
Duy Tân,2
Deli,2
DeliFres,2
Nhớ Mãi Mãi,2
OC Naturals,2
OGX,2
OKF,2
Oh Smile Nuts,2
Ngọc Liên,2
Duxton,2
Dorco,2
Dorkbua,2
Ticook,2
Tipo,2
CP Foods,2
CUCINA & AMORE,2
Cacao Indochine,2
Bảo Minh,2
Canfoco,2
Calbee,2
Nano,2
NNB,2
Nam Ngư,2
Mollis,2
Miriki,2
Tuyền Ký,2
Thiên Hương,2
Thọ Phát,2
Eucryl,2
Eveline,2
Fairy,2
Downy,2
DonerLand,2
Nadoo,2
Mr.Brown,2
Mungyo,2
Roscela,2
Shinshu,2
S&B,2
Rohto,2
Nokchawon,2
Niva,2
Mym,2
NESTEA,2
M&M,2
Lof Malto,2
Long Thủy,2
Lafonte,2
Lai Phú,2
Las Palms,2
M.Pros,2
MAE PLOY,2
MK,2
Elène,2
Emos,2
Enzy,2
Maxkleen,2
Male,2
Masan,2
Lipton,2
Mayora,2
Me-O,2
Megumi,2
Mayhome,2
Meadow Fresh,2
MR. VIET,2
MR.T,2
Magic,2
Bissin,2
Biên Hòa,2
Blendy,2
Thanh An Food,2
Tempo,2
Sunsilk,2
Suntory Pepsico,2
Surf,2
Trường Vinh,2
Toppoint,2
Twinings,2
Trung Nguyên,2
Trà Đại Gia,2
Thiện Nhà Tôm,2
Komax,2
L'affair,2
Tomato T&P,2
V.food,2
Treaclemoon,2
Bobby,2
Bodymiss,2
Bottega Zelachi,2
Bamboo,2
Trường Sơn,2
LipIce,2
Lency,2
Kokola,2
Anlene,2
Tường An,2
VINAMIT,2
VITEC FARM,2
VP Milk,2
Gimjaban,2
Glico,2
Fily,2
Firma,2
Goldsun,2
Fay,2
Let Green,2
Latino Bella,2
Aji-Mayo,2
Aji-Quick,2
An Vĩnh,2
Aiken,2
American Garden,2
AJE,2
lof kun,2
Đức Thành,2
Hương Mai,2
Just Việt,2
Hạt A,2
Hồng Nam,2
Hữu Nghị,2
Hữu Nghị Food,2
Hạ Long,2
Hảo Hảo,2
Kinohimitsu,2
Head & Shoulder,2
Hapi,2
Heli,2
Hasfarm Greens,2
Jomi,2
KIKKOMAN,2
Jin Jin,2
Belleto,2
Asahi,2
Avonmore,2
King Coffee,2
Kinh Đô,2
Kerasys,2
Kewpie,2
Kiwi,2
On1,2
Phú Minh Tâm,2
Olivoilà,2
Otto,2
Optimum,2
PRESIDENT,2
NutiMilk,2
Ovaltine,2
Cirio,2
Clear,2
Petkit,2
Phú Hương,2
Phúc Long,2
Phạm Nguyên,2
Perfect,2
Perioe,2
Premier,2
Pantene,2
Pulppy,2
Pediasure,2
Pedigree,2
D-nee,2
DAMTUH,2
Crown,2
Điện Quang,2
Đôi Đũa Vàng,2
Đầm Sen,2
Đệ Nhất,2
Xuân Thanh,2
An An,2
An Lợi,2
Power100,2
137 Degrees,1
584 Nha Trang,1
7UP,1
9 Phẻ,1
A Bonne,1
A Round Me,1
A Tuấn Khang,1
A-One,1
A1 Food,1
ADE,1
ADEGSO,1
AFC,1
BASAX,1
BLANC 1664,1
BONCHA,1
BORGES,1
Arla,1
Aroma,1
WANT WANT,1
Wafello,1
Ba Con Tôm,1
Ba Khánh,1
Ba Vì,1
Babi Mild,1
Babiboo,1
Baby Care,1
B'fast,1
BALDUCCI,1
Vị Xưa,1
Alcofree,1
Almond Breeze,1
Altist,1
ANPASO,1
ASA,1
Acecook,1
Ahamisa,1
Winka,1
Winmaxx,1
Wangta,1
Warheads,1
Warrior,1
We Chips,1
Welcos,1
Well Being Life,1
Hexa,1
Hi-Chew,1
Hillway,1
I-Soup,1
ICE+,1
ICHI,1
IKA,1
IRONMAN,1
Hiệu A1,1
Hoa Lily,1
Hoa Lúa,1
Hoegaarden,1
Hokkaido,1
Heo Cao Bồi,1
Heritage,1
Hershey,1
Huro,1
Hy Vọng,1
Hàng Việt,1
Hometex,1
Hortex,1
Hot Wheels,1
Hoàn Hảo,1
Hoàng Yến,1
Halls,1
Hana,1
Hanami,1
Hando,1
Handy Hảo Hảo,1
Hubba Bubba,1
Humancel,1
Hura,1
Johnson's Baby,1
Jongga,1
Jacob's Creek,1
Jagabee,1
Jagermeister,1
Green Fields,1
Green Time,1
Greenwood,1
Hương Thanh Noni,1
Jordan,1
Juver,1
KONNYAKU,1
KOOL,1
Jiaying,1
Jinro,1
Johnnie Walker,1
Hải Nhi,1
Hảo 100,1
Hù Kiệt,1
Hùng Cường,1
Hùng Phát,1
Hưng Thịnh,1
Hương Nguyên,1
Hương Quê,1
Imperial,1
In Ik,1
Hồng Hạnh,1
Hồng Lam,1
Hạnh Dung,1
Hạnh Phúc,1
Hải Châu,1
Hải Long,1
Jarmino,1
Jele,1
Jia Jia,1
Interflour,1
Ipek,1
Ivanovich,1
JIM BEAM,1
JP Chenet,1
Hennessy,1
Haribo,1
Hasfarm,1
Hausubi,1
Hanil,1
Hanoli,1
Jameson,1
Janbee,1
Grand'Or,1
Grand’Or,1
Head & Shoulders,1
Headway,1
Heineken,1
Heinz,1
Hella Beauty,1
Henk,1
Grizzy,1
Grow Gold,1
Goodbake,1
Goodmood,1
Goody,1
Goplana,1
Gotz,1
Goute,1
HABECO,1
HBAF,1
HERB DAY,1
HITECH,1
Green Eco,1
Kfood,1
Kid Mattres,1
Kiddy,1
Genki,1
Gervenne,1
Gia Định,1
HOALUA Rice,1
HT Food,1
Hai Thanh,1
Gumi Gumi Jelly,1
Gấu Đỏ,1
Kims Cook,1
Kin Kin,1
Kinder,1
Kellogg's,1
Girlz Only,1
Glass Lock,1
Glen Turner,1
Glenfiddich,1
Jacker,1
Kiri,1
KitKat,1
Klairs,1
Kleannara,1
Kim Bôi,1
Kim Hằng,1
KimChoo,1
Lilly,1
Lindt,1
Lion,1
Lion Café,1
Lip on Lip,1
Lip pure,1
Lego,1
Lenger,1
Kose,1
Kotex,1
Krisma Food,1
Koala's,1
Kogumi,1
Kokimi,1
Kokomi,1
Lifree,1
LUTOSA,1
La Fonte,1
La Vie,1
Labanita,1
Kunyoung,1
L'angfarm,1
Kome88,1
Koreno,1
Kikkiman,1
Kabanos,1
Kanro,1
Karamucho,1
Kasugai,1
Kazu,1
Keep Play,1
LOTTY LORRY,1
Gokochi,1
Gold Bone,1
Gillette,1
Gingerbon,1
Lay's,1
Le Gourmet,1
Lacasitos,1
Lactalis,1
Good Day,1
Good Farm,1
Good Meall,1
GoodFeel,1
Global Century,1
Glucerna,1
Go&Fly,1
Godbawee,1
Foodaholic,1
Foreverest,1
Farmer's,1
Felina,1
Ferrero Rocher,1
Fiamma,1
Golia,1
Good Care,1
Les Enfants,1
Libra,1
LifeStyles,1
Laurier,1
Lavie,1
Five Goats,1
Flexoffice,1
Flora,1
Max Clean,1
Max Well,1
Maison Perrier,1
Majestic,1
Malkist,1
Malto,1
Mamamy,1
Marshies,1
Listerine,1
Liên Hiệp Thành,1
Liên Thành,1
Loacker,1
Marvela,1
Masseria Doppio Passo,1
Mastsunaga,1
Matrix,1
Làng Chài Xưa,1
Lê Thị Hồng,1
Lý Sơn JSC,1
M&M's,1
Look At Me,1
Lorenz,1
Lu,1
Luck Lady,1
Ladysofts,1
Larue,1
M-wrap,1
MAMA,1
MARKENBURG,1
MAXIFOOD,1
MICRONWARE,1
Lux,1
Firstar,1
Fisherman's Friend,1
Fitme,1
Maeil,1
Maille,1
Maison,1
MIKKO,1
MONDAY,1
Garglin,1
Fox's,1
Frenesi,1
Fresh,1
Fresh Cuts,1
Fressi Care,1
Frissta,1
Fristi,1
Elizzer,1
Ellips,1
Enaak,1
Fujitsu,1
Funday,1
Funmore,1
G7,1
Ganador,1
Maruto,1
MacCoffee,1
MacFito,1
Macallan,1
Envie Casa,1
Epco Foods,1
Equal,1
Esprézzo,1
McVitie's,1
Mocom,1
Modern,1
Mogu Mogu,1
Moist Diane,1
Molfix,1
Molped,1
Mom Cooks,1
MediAnswer,1
Median,1
Mega Home,1
Mei Wei,1
Mayan Care,1
Maybelline,1
Mayumi,1
McCormick,1
Mihoo,1
Meiwa,1
Meko Star,1
Mekong Cocoa,1
Mekong Fruit,1
Melano CC,1
Menitems,1
Mentholatum,1
Mac Coffee,1
MacCereal,1
Mentos,1
Mermaid,1
Merries,1
Meta Fresh,1
Midimo,1
Migita,1
NISSIN,1
Nakydaco,1
Nam Huy,1
My Cafe Latte,1
Dosi,1
Double Rich,1
Doublemint,1
Diễm Trúc,1
Milkis,1
Milo,1
Nanaco,1
Nano Tissue,1
Nature,1
Naturipe,1
Nautilus,1
NIN House,1
Minh Phú,1
Minova,1
Mira,1
Mira Aroma,1
Mira Suri,1
Mikochi,1
Milk Lab,1
MilkLab,1
Mirinda,1
Miss Candle,1
Mitmaifoods,1
Mix,1
Mlekovita,1
Minh Hà,1
Minh Hà Foods,1
Minh Nam Foods,1
Monster Energy,1
Montgras,1
Moony,1
Morden,1
Morocco,1
Mountain Legend,1
Mr Lee,1
Nikken,1
FARMERS UNION,1
FNV,1
Energizer,1
Ensure,1
Ensure Gold,1
Mê Trang,1
NESVITA,1
Mondahmin,1
Fanta,1
Fantasy,1
Farm Best,1
Farmer Union,1
Eveready,1
Evian,1
Expect,1
F5 Clean,1
Dong Hwa,1
Dong Won,1
Donghwa,1
Dongnam Medical,1
Doraemon,1
FOSSEN,1
Fami,1
Fami Green Soy,1
Edelweiss,1
Dr Muối,1
Duka,1
Duracell,1
Durikopi,1
Ngôi Sao Phương Nam,1
Ngọc Châu,1
Neize,1
Dantrol,1
Dasani,1
Dasavi,1
Dynamite,1
Dạ Hương,1
E'Mos,1
Ecobambi,1
Ecoramic,1
Nguyễn Hồng,1
Deglet Nour,1
Delaware,1
Deli Baroque,1
Dan. D'Pak,1
Dan.D.pak,1
Danisa,1
Danny Green,1
Nomura,1
Ngọc Mai,1
Ngọc Maxinutri,1
Nhang Xanh,1
Nhật Minh,1
Nhật Việt,1
Nhật Vân,1
Nhịp Sống,1
DeliFres+,1
Delipie,1
Delisoga,1
Dellycook,1
Denti,1
Derma & More,1
Dermal,1
Dawning,1
Cool Air,1
Corona,1
Cotoneve,1
Deve,1
Devi,1
Devondale,1
Di Martino,1
Diana,1
Oasis,1
Nutri Boost,1
Nysha,1
Cruset,1
Custas,1
Cái Lân,1
Con Cá Vàng,1
Con Sóc,1
Neoguri,1
Nerman,1
NesCafé,1
New Choice,1
Ocean Gift,1
Olay,1
Oliv Provence,1
OLONG,1
Phú Sĩ,1
Phạm Nghĩa,1
Pepsico,1
Perrier,1
Phan Thị Lan,1
Phong Phú,1
Paseo,1
Patritti,1
One One,1
Oppa,1
Oral B,1
Oral-Clean,1
Orchid,1
Ommi,1
On The Body,1
Onalyss,1
Nutella,1
PEI TIEN,1
PEPSI,1
Paldo,1
Organist,1
OriFood,1
Oribebe,1
Orihiro,1
De Marie,1
Debess,1
O'RAZE,1
O'Star,1
O'smiles,1
Nuan Nuan,1
Nuffam,1
Nuna,1
Palma,1
Pam's,1
Panko,1
Pao,1
Parago,1
Pureen,1
Purefeel,1
Pureharvest,1
Cỏ May,1
DHC,1
Dadam,1
Creamburg,1
Cresta,1
Payson Breton,1
Pepperidge Farm,1
Paldo Vina,1
Daewoo,1
Daiya Fancy,1
Dalan,1
Dalat Agri Foods,1
Dalatmilk,1
Damex,1
Cô Gái Hà Lan,1
Cường Phát,1
Paulaner Munchner,1
Claro,1
Cholocwon,1
Choya,1
Chuan Kuo,1
Chum-Churum,1
Chumchurum,1
Chungha,1
Remos,1
Remy Martin,1
Rexona,1
Ri 6,1
Richwell,1
Ransi,1
Rauch,1
Red Bull,1
Ricola,1
Ridielac,1
Riesen,1
Ringo,1
Rio,1
Ripe,1
Ritter Sport,1
Remit,1
Pop-Puf,1
Posi,1
Power In,1
Pigeon,1
Poca,1
Pocky,1
Pojang,1
Poke,1
QBB,1
Quasure,1
Prego,1
Prime L,1
Pringles,1
Probi,1
Pokemon Toys,1
Pop Puf,1
Rejoice,1
Quê Nhà,1
R&B,1
REAL NATURE,1
ROYAL FAMILY,1
Rando,1
Rang Rang,1
Ranong,1
Closeup,1
Cocoaland,1
Cocobella,1
Cocool,1
Cielo e Terra,1
Reen,1
Refre,1
Regalos,1
Carabao,1
Carlsberg,1
Cavendish & Harvey,1
Cocoxim,1
Colokit,1
Command,1
Completa,1
Con Bò Cười,1
Cha Cha,1
ChaCheer,1
Chahua,1
Chappi Mountains Coffee,1
Chateau Cristo,1
Canfresh,1
Cantina Levorato,1
Cao Bồi,1
Similac,1
Senbei,1
Senta,1
Sharpie,1
Sano,1
Sapuwa,1
C'Lavie,1
C-vitt,1
Ritz,1
Rockstar,1
Rokeby Farms,1
Roma,1
Room x Home,1
Shin Sang,1
Shower Mate,1
Silver Spoon,1
SIMEE,1
SOLSE,1
Rovectin,1
Royal,1
Roza,1
Ruay Puan,1
Rồng Vàng Hoàng Gia,1
Rừng Nhiệt Đới,1
ST Remy,1
STAR KOMBUCHA,1
SUNVIEW,1
Sachi,1
Sachun,1
SABECO,1
SAN REMO,1
SEA CROWN,1
Seafood,1
Sealect,1
Seaspi,1
Saigon Care,1
Sakura,1
Salina,1
SaltCoffee,1
Samyook,1
Cheese One,1
Chef Lock,1
Cheonnyeonae,1
Cherish,1
Chesdale,1
CayKay,1
Century,1
Scotch Brite,1
Cheslock,1
Chiho,1
Chimay,1
Chita,1
Chivas,1
Chocopie,1
Chateau Paul Mas,1
Cheese & Dough,1
CHAOKOL,1
Bà Hai,1
Bà Tư,1
Bách Phúc,1
Bánh Pháp,1
Bình An,1
Bình Tây,1
Bông Bạch Tuyết,1
Skinlovers,1
Skittles,1
Slide,1
Sloboda,1
SmartHeart,1
Smartcook,1
Sài Gòn Chill,1
Sài Gòn Export,1
So Good,1
Soffell,1
Soffy,1
Sofrien,1
Sofy,1
Solite,1
SiuKay,1
Skin1004,1
Solnechnyy Venets,1
Some By Mi,1
Somersby,1
Song Phương,1
Speedy,1
Spiing,1
Snickers,1
Snow Buddy,1
San Miguel,1
Sanchi,1
Spring,1
Spy,1
Srithai,1
StFood,1
StMichel,1
Sta Ami,1
Thiên Hà,1
Taste-T,1
Tatua,1
Tayas,1
Tea+ Plus,1
Teacher's,1
Teapins,1
Tefal,1
Sumika,1
Sunbo Cleamy,1
Sunflower,1
Teisseire,1
Tesori d'Oriente,1
Thanh Hà,1
The Bol,1
The Yeon,1
Sungbo Cleamy,1
Sunny Food,1
Sunplay,1
Sting,1
Striking,1
Strongbow,1
Sugarolly,1
Sugus,1
Sài Gòn Lager,1
Sông Hương,1
Sưki Sưki,1
TC Food,1
Super Food,1
Sweet Heart,1
Swing,1
Sài Gòn Anpha,1
Tam Thái Tử,1
Tang,1
Tango,1
Tanqueray,1
TH True Cheese,1
TH True Oat,1
TH True Yogurt,1
THP,1
Camry,1
CanGio's Future,1
CJ Foods,1
COFFEEMATE,1
CT,1
Cadbury,1
Bạch Mã,1
Bốn Mùa,1
Bigen,1
Bigsun,1
Binggrae,1
Bio-Essence,1
Café PHỐ,1
Cal Cheese,1
Camay,1
Campus,1
Tehki,1
Tafa,1
Takaoka,1
Talaethong,1
Bistro,1
Biên Hòa LIGHT,1
Betagen,1
Bibica,1
Thuận Huệ,1
Tuyền Hưng Phú,1
Twister,1
Twizel,1
Tài Ký,1
Tài Tài,1
Trường Sinh,1
Trấy Ni Nì,1
Thái Dương Hệ,1
Thái Việt Phúc,1
Thạch An,1
Thắng Lợi,1
Thế Giới Mì,1
Thiên Kim,1
Thiền Nhang,1
Thums Up Charged,1
Tojy,1
Tiara,1
Tiger,1
Tinglok,1
Tio.V,1
Tipco,1
Thành Đạt,1
Thái Dương,1
TPS,1
TULIP,1
Tabasco,1
Titani,1
Tiến Đạt,1
Tiểu Nhị,1
Toblerone,1
Tofer,1
Trident,1
Tritan,1
Trolli,1
True Care,1
Tok,1
Tokuno,1
Tolsen,1
Tonnies,1
Bridel,1
Budweiser,1
Blossomy,1
Blue Ginger,1
Bocoton,1
Body-Mate,1
Bioplas,1
Birdy,1
Bahlsen,1
Bakalland,1
Ballantines,1
Bombay,1
Bon Go Jang,1
Bonie Bee,1
Bonne Maman,1
Botanika,1
Trần Gia,1
Toppo,1
Tracybee,1
Batrafood,1
Bauli Moonfils,1
Baby Love,1
BabyHood,1
Badaone,1
Besilki,1
Beauty Labo,1
Beehoney,1
Bega,1
Behonex,1
Beksul,1
Belcube,1
Banana Boat,1
AniWorld,1
Anlene Gold,1
Ariel,1
Belenkaya,1
Bella,1
Benuscream,1
Bertolli,1
Beryl's,1
Union,1
United Sport,1
Univitis,1
Tĩnh Gia,1
Tấn Lộc,1
Asia,1
Axe,1
Axo,1
Top Fruit,1
Top Ten,1
Top V,1
VICOSAP,1
VISAchef,1
VItapro,1
UUcare,1
Unif,1
Vecto,1
Vegemil,1
Vera,1
Werther's Original,1
Westgold,1
Whiskas,1
Whisper,1
Wil,1
Verinice,1
Veyo,1
Vfarm,1
Vianco,1
Vidal,1
VietFarm,1
VS Food,1
Varna,1
Tân Thuận Tiến,1
Việt Nhi,1
Vietmadeco,1
Vikoda,1
Vina Authentic,1
Vina Thạch,1
Vinacacao,1
Vinacafe,1
Banobagi,1
Tứ Phương,1
UHA,1
URC,1
Táo Quân,1
Tân Huê Viên,1
Tân Hải Hòa,1
Tân Quang Lập,1
333,1
Zespri,1
Zess,1
Zonrox,1
Zoo,1
1664 Blanc,1
iMat,1
An Phát,1
Yomost,1
Young Poong,1
Xin Chào Việt Nam,1
365,1
Ông Cụ,1
Ông Già Ika,1
Ông Kỳ,1
Ông Thọ,1
Your Super Food,1
Yuki & Love,1
Yummy Panda,1
Yumy,1
AJI-NO-MOTO,1
Yakul,1
Yakult,1
Yes Mom,1
Việt Đài,1
Voudioty,1
Vua Gạo,1
Vân Tiên,1
Vĩnh Hảo,1
Vĩnh Thành Đạt,1
VỊ HẢO,1
Younger Farm,1
Đại Long,1
Đại Nam,1
Đảnh Thạnh,1
Happy Bath,1
Happy Egg,1
Happy Nut,1
Happycook,1
Haitai,1
Wuna,1
Xiaomi,1
Đầu Bếp Tôm,1
Đỉnh Gia,1
Đức Hạnh,1
Đức Khải,1
AK Equal,1
Út Gáng,1
Aji-ngon,1
Xylitol,1
Xưa & Nay,1
YO'V,1
Wolfoo,1
Wonder Care,1
Woongjin,1
Wrigley,1
An Tuyền,1
An Viên,1
Angimex-Kitoku,1
Anh Đăng,1
Ambrosi,1
American Shave,1
An,1
An Lĩnh,1
